"Timestamp","title","genres"
"2022/06/20 3:54:35 PM GMT+3","The Sopranos","Action"
"2022/06/20 3:54:44 PM GMT+3","The 100","Adventure"
"2022/06/20 3:54:56 PM GMT+3","Stranger","Crime"
"2022/06/20 3:55:03 PM GMT+3","The Sopranos","Action"
"2022/06/20 3:55:10 PM GMT+3","Sopranos","Action"
"2022/06/20 3:55:18 PM GMT+3","The Office","Comedy"
"2022/06/20 3:55:26 PM GMT+3","Office","Fun"
"2022/06/20 3:55:36 PM GMT+3","Demon Slayer","Anime"
"2022/06/20 3:55:48 PM GMT+3","How I Met Your Mother","Stupid"
"2022/06/20 3:55:57 PM GMT+3","Supernatural","Thriller"
"2022/06/20 3:56:16 PM GMT+3","Power","Action, Crime"